,AAA,AA,A,BBB,BB,B,CCC,C,Default
AAA,0.92,0.053133,0.026567,0.0,0.0,0.0,0.0,0.0,0.0003
AA,0.025,0.905,0.046133,0.023067,0.0,0.0,0.0,0.0,0.0008
A,0.005,0.03,0.895,0.045333,0.022667,0.0,0.0,0.0,0.002
BBB,0.0,0.005,0.03,0.885,0.05,0.025,0.0,0.0,0.005
BB,0.0,0.0,0.005,0.03,0.865,0.056667,0.028333,0.0,0.015
B,0.0,0.0,0.0,0.005,0.03,0.83,0.06,0.03,0.045
CCC,0.0,0.0,0.0,0.0,0.01,0.04,0.75,0.08,0.12
C,0.0,0.0,0.0,0.0,0.0,0.01,0.05,0.69,0.25
Default,0.0,0.0,0.0,0.0,0.0,0.0,0.0,0.0,1.0
